occupation,n_19_70,job_group,rule
조경원,139,농림어업,keyword
과수작물 재배원,41,농림어업,keyword
돼지 사육자,27,농림어업,keyword
화훼작물 재배원,5,농림어업,keyword
그 외 낙농업 관련 종사원,4,농림어업,keyword
육묘작물 재배원,4,농림어업,keyword
해녀,3,농림어업,keyword
그 외 양식원,3,농림어업,keyword
채소작물 재배원,3,농림어업,keyword
곡식작물 재배원,3,농림어업,keyword
가금 사육자,3,농림어업,keyword
그 외 사육 관련 종사원,3,농림어업,keyword
원근해 어부,2,농림어업,keyword
어패류 양식원,2,농림어업,keyword
젖소 사육자,1,농림어업,keyword
동물 부화원,1,농림어업,keyword
무직,266015,무직·기타,keyword
육군 부사관,1915,무직·기타,keyword
육군 장교,1461,무직·기타,keyword
육군 병사,523,무직·기타,keyword
공군 부사관,334,무직·기타,keyword
공군 장교,257,무직·기타,keyword
해군 부사관,204,무직·기타,keyword
해병대 부사관,183,무직·기타,keyword
해군 장교,140,무직·기타,keyword
해병대 장교,100,무직·기타,keyword
공군 병사,75,무직·기타,keyword
해병대 병사,49,무직·기타,keyword
해군 병사,41,무직·기타,keyword
경리 사무원,15616,사무·관리,keyword
사무 보조원,12875,사무·관리,keyword
일반 비서,10768,사무·관리,keyword
전화 상담원,10606,사무·관리,keyword
회계 사무원,7141,사무·관리,keyword
교육 및 훈련 사무원,6109,사무·관리,keyword
경영 기획 사무원,5848,사무·관리,keyword
그 외 법률 관련 사무원,4685,사무·관리,keyword
기업 고위 임원,4240,사무·관리,keyword
생산관리 사무원,3711,사무·관리,keyword
자재 관리 사무원,3543,사무·관리,keyword
영업 관리 사무원,3439,사무·관리,keyword
관리 비서,3427,사무·관리,keyword
품질 관리 사무원,3314,사무·관리,keyword
국가행정 사무원,3064,사무·관리,keyword
지방행정 사무원,2647,사무·관리,keyword
총무 사무원,2596,사무·관리,keyword
공공행정 사무원,2594,사무·관리,keyword
출판 및 자료편집 사무원,2005,사무·관리,keyword
병무행정 사무원,1974,사무·관리,keyword
관세행정 사무원,1813,사무·관리,keyword
그 외 기획 및 마케팅 사무원,1616,사무·관리,keyword
통계 사무원,1462,사무·관리,keyword
인사 및 노무 사무원,1447,사무·관리,keyword
법무 사무원,1436,사무·관리,keyword
조세행정 사무원,1386,사무·관리,keyword
특허 사무원,1316,사무·관리,keyword
영업 관련 관리자,1289,사무·관리,keyword
철도운송 사무원,1201,사무·관리,keyword
그 외 금융 사무원,1191,사무·관리,keyword
예약 및 접수 사무원,988,사무·관리,keyword
도로운송 사무원,947,사무·관리,keyword
보험 사무원,817,사무·관리,keyword
기업 대표이사,770,사무·관리,keyword
출납 창구 사무원,750,사무·관리,keyword
여행 사무원,749,사무·관리,keyword
방문 고객 상담원,725,사무·관리,keyword
그 외 건설·전기 및 생산 관련 관리자,681,사무·관리,keyword
판매 사무원,591,사무·관리,keyword
데스크 안내원,585,사무·관리,keyword
총무 및 인사 관리자,584,사무·관리,keyword
전산 자료 입력원,531,사무·관리,keyword
광고 및 홍보 사무원,516,사무·관리,keyword
무역 사무원,495,사무·관리,keyword
마케팅 관리자,484,사무·관리,keyword
그 외 고객 상담 사무원,476,사무·관리,keyword
재무 관리자,471,사무·관리,keyword
토목 관련 관리자,429,사무·관리,keyword
판매 관련 관리자,354,사무·관리,keyword
컴퓨터 소프트웨어 개발 관리자,344,사무·관리,keyword
전기 관련 관리자,340,사무·관리,keyword
장학관 및 장학사,295,사무·관리,keyword
건축 관련 관리자,256,사무·관리,keyword
기획 관리자,254,사무·관리,keyword
미술관·박물관 해설 및 안내원,245,사무·관리,keyword
금융 관리자,243,사무·관리,keyword
그 외 경영 지원 관리자,223,사무·관리,keyword
화학제품 생산 관리자,214,사무·관리,keyword
은행 사무원,200,사무·관리,keyword
전기 및 전자 제품 생산 관리자,157,사무·관리,keyword
그 외 마케팅 및 광고·홍보 관리자,157,사무·관리,keyword
의료 서비스 상담 종사원,155,사무·관리,exact
전시 및 시설 견학 안내원,146,사무·관리,keyword
수상운송 사무원,145,사무·관리,keyword
광고 및 홍보 관리자,140,사무·관리,keyword
시장 및 여론 조사 관리자,139,사무·관리,keyword
기계제품 생산 관리자,137,사무·관리,keyword
분양 및 임대 사무원,133,사무·관리,keyword
그 외 판매 및 고객 서비스 관리자,132,사무·관리,keyword
금속제품 생산 관리자,124,사무·관리,keyword
그 외 제품 생산 관련 관리자,122,사무·관리,keyword
보험 관리자,116,사무·관리,keyword
유치원 원장,114,사무·관리,keyword
신용 추심원,109,사무·관리,keyword
감사 사무원,108,사무·관리,keyword
육상운송 관련 관리자,107,사무·관리,keyword
수리 및 정비 관련 관리자,97,사무·관리,keyword
증권 사무원,92,사무·관리,keyword
주차 안내원,91,사무·관리,keyword
환경 관련 관리자,89,사무·관리,keyword
컴퓨터 운영 관리자,83,사무·관리,keyword
그 외 교육 관련 관리자,73,사무·관리,keyword
항공운송 사무원,72,사무·관리,keyword
가스 관련 관리자,66,사무·관리,keyword
공학 연구 관리자,64,사무·관리,keyword
방송 안내원,62,사무·관리,keyword
공동주택 관리자,60,사무·관리,keyword
음식 서비스 관련 관리자,55,사무·관리,keyword
자재 및 구매 관리자,55,사무·관리,keyword
경비 관련 관리자,48,사무·관리,keyword
해상운송 관련 관리자,46,사무·관리,keyword
조경 관련 관리자,45,사무·관리,keyword
소방 관리자,44,사무·관리,keyword
수도 관련 관리자,42,사무·관리,keyword
통신 관리자,42,사무·관리,keyword
식품 생산 관리자,42,사무·관리,keyword
무역 관련 관리자,40,사무·관리,keyword
부동산 및 임대업 관리자,37,사무·관리,keyword
중앙정부 고위 공무원,36,사무·관리,keyword
보건 의료 관련 관리자,31,사무·관리,keyword
공공 기관 임원,30,사무·관리,keyword
대학교 총장 및 대학 학장,25,사무·관리,keyword
그 외 전문 서비스 관리자,24,사무·관리,keyword
디자인 관련 관리자,23,사무·관리,keyword
그 외 연구 관리자,22,사무·관리,keyword
섬유 및 의복 제품 생산 관리자,20,사무·관리,keyword
여행 관련 관리자,19,사무·관리,keyword
회원 단체 관련 관리자,19,사무·관리,keyword
그 외 숙박·여행·오락 및 스포츠 관련 관리자,19,사무·관리,keyword
초등학교 교장 및 교감,17,사무·관리,keyword
컴퓨터 하드웨어 개발 관리자,15,사무·관리,keyword
항공운송 관련 관리자,15,사무·관리,keyword
법률 관리자,14,사무·관리,keyword
중·고등학교 교장 및 교감,13,사무·관리,keyword
교도 관리자,13,사무·관리,keyword
경찰 관리자,12,사무·관리,keyword
청소 관련 관리자,11,사무·관리,keyword
정당 및 특수 단체 임원,11,사무·관리,keyword
지방의회 의원 및 교육 의원,11,사무·관리,keyword
방송·출판 및 영상 관련 관리자,11,사무·관리,keyword
인력 공급 및 알선 서비스 관리자,11,사무·관리,keyword
사회복지 관련 관리자,9,사무·관리,keyword
그 외 정보 통신 관련 관리자,9,사무·관리,keyword
오락 및 스포츠 관련 관리자,8,사무·관리,keyword
생명 및 자연과학 연구 관리자,7,사무·관리,keyword
정부행정 관리자,6,사무·관리,keyword
지방정부 고위 공무원,6,사무·관리,keyword
공연·전시 예술 관련 관리자,5,사무·관리,keyword
사회과학 연구 관리자,3,사무·관리,keyword
국회의원,2,사무·관리,keyword
숙박 관련 관리자,2,사무·관리,keyword
건물 경비원,14680,생산·기능,keyword
건물 청소원,13112,생산·기능,keyword
시설 경비원,9626,생산·기능,keyword
하역 및 적재 관련 단순 종사원,7599,생산·기능,keyword
지게차 운전원,7154,생산·기능,keyword
주방 보조원,6240,생산·기능,keyword
경·소형 화물차 운전원,4089,생산·기능,keyword
그 외 기능 관련 종사원,3841,생산·기능,keyword
승용차 및 승합차 운전원,3781,생산·기능,keyword
그 외 서비스 관련 단순 종사원,3753,생산·기능,keyword
전기 용접원,3186,생산·기능,keyword
그 외 하역 및 적재 단순 종사원,2756,생산·기능,keyword
건물 내 전기 설치 및 정비원,2500,생산·기능,keyword
금형원,2322,생산·기능,keyword
강구조물 건립원,2088,생산·기능,keyword
그 외 물품 이동 장비 조작원,2070,생산·기능,keyword
우편집배원,1880,생산·기능,keyword
상·하수 배관공,1847,생산·기능,keyword
건설 단순 종사원,1845,생산·기능,keyword
그 외 택배원,1669,생산·기능,keyword
그 외 전기·전자기기 설치 및 수리원,1493,생산·기능,keyword
수동 포장원,1448,생산·기능,keyword
가사 도우미,1427,생산·기능,keyword
대형 화물차 운전원,1395,생산·기능,keyword
용접기 조작원,1371,생산·기능,keyword
시내버스 운전원,1312,생산·기능,keyword
산업용로봇 조작원,1302,생산·기능,keyword
통신장비 기사,1194,생산·기능,keyword
운송장비 청소원,1151,생산·기능,keyword
자동 조립라인 조작원,1140,생산·기능,keyword
중형 화물차 운전원,1109,생산·기능,keyword
가스 배관공,1069,생산·기능,keyword
그 외 제조 관련 단순 종사원,1041,생산·기능,keyword
그 외 자동차 운전원,1021,생산·기능,keyword
판금원,1021,생산·기능,keyword
철로 설치원,1006,생산·기능,keyword
매장 정리원,990,생산·기능,keyword
냉난방기 관련 설비 조작원,983,생산·기능,keyword
주차 관리원,982,생산·기능,keyword
프레스기 및 절단기 조작원,962,생산·기능,keyword
고속철 기관사,934,생산·기능,keyword
가스 점검원,883,생산·기능,keyword
그 외 기계 조작원,871,생산·기능,keyword
철도 기관사,854,생산·기능,keyword
검표원,851,생산·기능,keyword
컴퓨터 설치 및 수리원,838,생산·기능,keyword
그 외 철도 및 전동차 기관사,795,생산·기능,keyword
휠체어 리프트 설치 및 정비원,793,생산·기능,keyword
배전반 조작원,792,생산·기능,keyword
택배원,786,생산·기능,keyword
관광버스 운전원,761,생산·기능,keyword
정육가공원,724,생산·기능,keyword
전동차 기관사,711,생산·기능,keyword
그 외 화물차 및 특수차 운전원,705,생산·기능,keyword
머시닝센터 조작원,694,생산·기능,keyword
그 외 화학제품 생산기 조작원,691,생산·기능,keyword
크레인 운전원,662,생산·기능,keyword
음식 배달원,659,생산·기능,keyword
금속 세척기 조작원,645,생산·기능,keyword
산불 감시원,642,생산·기능,keyword
금속제품 도장기 조작원,639,생산·기능,keyword
농업 단순 종사원,622,생산·기능,keyword
그 외 건축 마감 관련 기능 종사원,605,생산·기능,keyword
그 외 시설 및 특수 경비원,600,생산·기능,keyword
그 외 판매 관련 단순 종사원,600,생산·기능,keyword
가스 용접원,598,생산·기능,keyword
그 외 배달원,591,생산·기능,keyword
엘리베이터 설치 및 정비원,590,생산·기능,keyword
화학물 가열 처리 장치 조작원,581,생산·기능,keyword
그 외 기계장비 설치 및 정비원,573,생산·기능,keyword
화학물 증류기 및 반응기 조작원,558,생산·기능,keyword
시외 및 고속 버스 운전원,549,생산·기능,keyword
금속 열처리로 조작원,521,생산·기능,keyword
그 외 냉동·냉장·공조기 설치 및 정비원,518,생산·기능,keyword
인쇄 관련 기능 종사원,508,생산·기능,keyword
그 외 금속가공 기계 조작원,497,생산·기능,keyword
자동 재봉설비 조작원,496,생산·기능,keyword
그 외 바닥재 시공원,495,생산·기능,keyword
인조석 설치원,493,생산·기능,keyword
건물 전기 및 전자설비 조작원,491,생산·기능,keyword
제빵사 및 제과원,488,생산·기능,keyword
가죽 및 모피 가공원,474,생산·기능,keyword
전기제어장치 설치 및 정비원,472,생산·기능,keyword
그 외 용접원,471,생산·기능,keyword
화학물 여과기 및 분리기 조작원,468,생산·기능,keyword
그 외 의복 제조 관련 기능 종사원,464,생산·기능,keyword
그 외 공업기계 설치 및 정비원,462,생산·기능,keyword
호송 경비원,462,생산·기능,keyword
주입·포장 및 봉함기 조작원,460,생산·기능,keyword
선반기 조작원,445,생산·기능,keyword
특수 경비원,441,생산·기능,keyword
제품 단순 선별원,439,생산·기능,keyword
택시 운전원,429,생산·기능,keyword
제관원,421,생산·기능,keyword
기계 경비원,414,생산·기능,keyword
그 외 운송장비 조립원,406,생산·기능,keyword
대리 주차원,400,생산·기능,keyword
잠수 기능원,393,생산·기능,keyword
쓰레기 수거원,371,생산·기능,keyword
방수공,363,생산·기능,keyword
금속절곡기 조작원,363,생산·기능,keyword
철도 고가 전선 가설원,363,생산·기능,keyword
자동 재단기 조작원,362,생산·기능,keyword
렌즈 및 프리즘 가공기 조작원,354,생산·기능,keyword
음료 배달원,352,생산·기능,keyword
이삿짐 운반원,352,생산·기능,keyword
금속기계 부품 조립원,341,생산·기능,keyword
그 외 정보 통신기기 설치 및 수리원,337,생산·기능,keyword
자동차 경정비원,337,생산·기능,keyword
플랜트 배관공,332,생산·기능,keyword
방송장비 설치 및 수리원,330,생산·기능,keyword
패스트푸드 준비원,328,생산·기능,keyword
그 외 버스 운전원,325,생산·기능,keyword
그 외 건축 도장공,320,생산·기능,keyword
그 외 환경미화원 및 재활용품 수거원,316,생산·기능,keyword
화학기계 설치 및 정비원,315,생산·기능,keyword
전자 부품 제조 기계 조작원,313,생산·기능,keyword
설탕 제조 관련 기계 조작원,312,생산·기능,keyword
염색기 조작원,309,생산·기능,keyword
가스 생산기 조작원,303,생산·기능,keyword
수금원,303,생산·기능,keyword
아파트 경비원,301,생산·기능,keyword
건물 칸막이 설치원,296,생산·기능,keyword
용융 도금기 조작원,291,생산·기능,keyword
새시 조립 및 설치원,289,생산·기능,keyword
그 외 전기·전자 부품 및 제품 조립원,288,생산·기능,keyword
사무용 전자기기 설치 및 수리원,287,생산·기능,keyword
그 외 건설 관련 기능 종사원,285,생산·기능,keyword
전기장비 조립원,277,생산·기능,keyword
그 외 금속 공작 기계 조작원,273,생산·기능,keyword
가전제품 설치 및 수리원,267,생산·기능,keyword
상표 부착기 조작원,263,생산·기능,keyword
판금기 조작원,262,생산·기능,keyword
철근공,261,생산·기능,keyword
양복 제조원,256,생산·기능,keyword
그 외 화학물 가공 장치 조작원,256,생산·기능,keyword
건물용 냉동·냉장·공조기 설치 및 정비원,255,생산·기능,keyword
그 외 타이어 및 고무제품 생산기 조작원,255,생산·기능,keyword
플랜트 전기 설치원,252,생산·기능,keyword
내장 목공,236,생산·기능,keyword
유리 관련 기능 종사원,236,생산·기능,keyword
차량 도장기 조작원,236,생산·기능,keyword
밑반찬 제조 종사원,234,생산·기능,keyword
그 외 발전 및 배전장치 조작원,230,생산·기능,keyword
건물 도장공,230,생산·기능,keyword
간판 제작 및 설치원,229,생산·기능,keyword
그 외 건물 관리원,229,생산·기능,keyword
강구조물 가공원,227,생산·기능,keyword
재활용품 수거원,222,생산·기능,keyword
그 외 자동차 부품 조립원,222,생산·기능,keyword
단열공,221,생산·기능,keyword
영상·전자음향기기 설치 및 수리원,210,생산·기능,keyword
자동차 엔진 조립원,209,생산·기능,keyword
콘크리트패널 조립원,208,생산·기능,keyword
공작기계 설치 및 정비원,206,생산·기능,keyword
기지국 설치 및 수리원,205,생산·기능,keyword
금속코팅·광택 및 래미네이팅기 조작원,204,생산·기능,keyword
도자기제품 생산기 조작원,201,생산·기능,keyword
육류가공 기계 조작원,200,생산·기능,keyword
리프트 조작원,199,생산·기능,keyword
통신장비 설치 및 수리원,198,생산·기능,keyword
인쇄판 출력원,197,생산·기능,keyword
이동전화기 수리원,197,생산·기능,keyword
건축 석공,195,생산·기능,keyword
에스컬레이터 설치 및 정비원,193,생산·기능,keyword
그 외 일반기계 조립원,193,생산·기능,keyword
표백기 조작원,192,생산·기능,keyword
직물 패턴사,192,생산·기능,keyword
의복 수선원,192,생산·기능,keyword
연삭기 및 연마기 조작원,191,생산·기능,keyword
연선기 조작원,191,생산·기능,keyword
김치 제조 종사원,187,생산·기능,keyword
외장 목공,186,생산·기능,keyword
석유 및 천연가스 정제 장치 조작원,186,생산·기능,keyword
덤프트럭 운전원,185,생산·기능,keyword
염색 조색 및 배합기 조작원,184,생산·기능,keyword
계기 검침원,184,생산·기능,keyword
그 외 직물·신발 관련 기계 조작원 및 조립원,184,생산·기능,keyword
그 외 인쇄기 조작원,180,생산·기능,keyword
항타기 운전원,180,생산·기능,keyword
밀링기 조작원,177,생산·기능,keyword
그 외 도장기 조작원,177,생산·기능,keyword
어업 단순 종사원,172,생산·기능,keyword
화학물 분쇄기·마쇄기 및 혼합기 조작원,172,생산·기능,keyword
석재 부설원,169,생산·기능,keyword
건물용 보일러 설치 및 정비원,166,생산·기능,keyword
전기기기 설치 및 정비원,166,생산·기능,keyword
떡 제조원,166,생산·기능,keyword
압출기 조작원,164,생산·기능,keyword
전자제품 제조 기계 조작원,162,생산·기능,keyword
그 외 제분 및 도정 관련 기계 조작원,162,생산·기능,keyword
그 외 산업 전기 설치원,160,생산·기능,keyword
소각로 조작원,160,생산·기능,keyword
그 외 상하수도 처리 장치 조작원,158,생산·기능,keyword
호이스트 운전원,158,생산·기능,keyword
금속 분무기 조작원,151,생산·기능,keyword
보도블록 설치원,148,생산·기능,keyword
유지 제조기 조작원,147,생산·기능,keyword
자동차 차체 부품 조립원,145,생산·기능,keyword
조미료 제분기 조작원,144,생산·기능,keyword
전기제품 제조 기계 조작원,143,생산·기능,keyword
경량 철골공,142,생산·기능,keyword
미장공,139,생산·기능,keyword
전기 부품 제조 기계 조작원,136,생산·기능,keyword
형틀 목공,135,생산·기능,keyword
그 외 자동차 정비원,134,생산·기능,keyword
재활용 처리 기계 조작원,133,생산·기능,keyword
인쇄 필름 출력원,132,생산·기능,keyword
윤전인쇄기 조작원,132,생산·기능,keyword
제관기 조작원,131,생산·기능,keyword
그 외 정육가공 및 도축 관련 종사원,131,생산·기능,keyword
플라스틱 사출기 조작원,129,생산·기능,keyword
타일 부착원,129,생산·기능,keyword
그 외 목재가공 관련 기계 조작원,129,생산·기능,keyword
그라비어인쇄기 조작원,129,생산·기능,keyword
거리 미화원,129,생산·기능,keyword
그 외 귀금속 및 보석 세공원,129,생산·기능,keyword
세탁원 및 다림질원,127,생산·기능,keyword
시계 및 카메라 수리원,127,생산·기능,keyword
조적공,126,생산·기능,keyword
마루 설치원,126,생산·기능,keyword
그 외 운송장비 정비원,125,생산·기능,keyword
그 외 플라스틱제품 생산기 조작원,125,생산·기능,keyword
위성방송 안테나 설치 및 수리원,124,생산·기능,keyword
목형원,124,생산·기능,keyword
그 외 청소원,124,생산·기능,keyword
감시카메라 설치 및 수리원,123,생산·기능,keyword
발전터빈 조작원,122,생산·기능,keyword
콘크리트 타설원,120,생산·기능,keyword
편직기 조작원,120,생산·기능,keyword
유리 부착원,120,생산·기능,keyword
곡물 및 사료 제분기 조작원,119,생산·기능,keyword
전기 도금기 조작원,119,생산·기능,keyword
국수 및 면류 제품 기계 조작원,117,생산·기능,keyword
고무제품 생산기 조작원,116,생산·기능,keyword
철로 보수원,116,생산·기능,keyword
그 외 목재 및 종이 관련 기계 조작원,116,생산·기능,keyword
가정용 전기 및 전자제품 조립원,114,생산·기능,keyword
전통 건물 건축원,114,생산·기능,keyword
대리석 부착원,113,생산·기능,keyword
건물 해체원,113,생산·기능,keyword
주조기 조작원,112,생산·기능,keyword
비계공,111,생산·기능,keyword
그 외 곡물가공 제품 기계 조작원,111,생산·기능,keyword
방역원,111,생산·기능,keyword
그 외 석유 및 화학물 가공 장치 조작원,110,생산·기능,keyword
굴삭기 및 불도저 운전원,109,생산·기능,keyword
펄프 제조 장치 조작원,109,생산·기능,keyword
냉동 및 냉장기 설비 조작원,107,생산·기능,keyword
도배공,106,생산·기능,keyword
그 외 물품 이동 장비 설치 및 정비원,104,생산·기능,keyword
금속 주입원,103,생산·기능,keyword
플라스틱 압출기 조작원,100,생산·기능,keyword
제직기 조작원,100,생산·기능,keyword
단조원,100,생산·기능,keyword
위생용 종이제품 제조기 조작원,98,생산·기능,keyword
도축원,98,생산·기능,keyword
그 외 섬유 및 가죽 관련 기능 종사원,98,생산·기능,keyword
영상 및 음향장비 조립원,98,생산·기능,keyword
도정기 조작원,97,생산·기능,keyword
타이어 생산기 조작원,96,생산·기능,keyword
고무제품 조립원,95,생산·기능,keyword
드라이클리닝기 조작원,95,생산·기능,keyword
굴착기·착암기 및 채광기 조작원,94,생산·기능,keyword
압연기 조작원,93,생산·기능,keyword
도로포장기 및 롤러 운전원,92,생산·기능,keyword
대여 제품 방문 점검원,92,생산·기능,keyword
공조기설비 조작원,92,생산·기능,keyword
전동차 정비원,92,생산·기능,keyword
여객차 및 화차 정비원,91,생산·기능,keyword
그 외 세탁 관련 기계 조작원,90,생산·기능,keyword
가구 도장기 조작원,90,생산·기능,keyword
철도차량 조립원,89,생산·기능,keyword
그 외 조적공 및 석재 부설원,88,생산·기능,keyword
그 외 식품가공 관련 기계 조작원,87,생산·기능,keyword
수날염원,85,생산·기능,keyword
공업기계 조립원,85,생산·기능,keyword
종이 제조 장치 조작원,83,생산·기능,keyword
선박 배관공,82,생산·기능,keyword
항공기 배관공,82,생산·기능,keyword
석 공예원,82,생산·기능,keyword
그 외 석유 및 천연가스 제조 관련 제어 장치 조작원,81,생산·기능,keyword
가구 수리원,80,생산·기능,keyword
그 외 직조기 및 편직기 조작원,80,생산·기능,keyword
카펫 및 가발 제조원,79,생산·기능,keyword
자동차 조립원,79,생산·기능,keyword
시추장비 조작원,78,생산·기능,keyword
인발기 조작원,76,생산·기능,keyword
인화지 제조기 조작원,76,생산·기능,keyword
건물 수리원,76,생산·기능,keyword
수동 상표 부착원,75,생산·기능,keyword
철도 기관차 정비원,75,생산·기능,keyword
약제품 생산기 조작원,74,생산·기능,keyword
통신케이블 설치 및 수리원,74,생산·기능,keyword
비상 발전기 설치 및 정비원,73,생산·기능,keyword
그 외 유리 제조 및 가공기 조작원,72,생산·기능,keyword
구두 미화원,72,생산·기능,keyword
인터넷케이블 설치 및 수리원,72,생산·기능,keyword
그 외 건설 및 채굴기계 운전원,71,생산·기능,keyword
드릴링기 및 보링기 조작원,71,생산·기능,keyword
귀금속 세공원,69,생산·기능,keyword
주형원,69,생산·기능,keyword
날염기 조작원,68,생산·기능,keyword
전자 및 정밀 기구 조립원,67,생산·기능,keyword
건강식품 가공기 조작원,66,생산·기능,keyword
크레인 설치 및 정비원,65,생산·기능,keyword
목 공예원,65,생산·기능,keyword
도로정지기 운전원,65,생산·기능,keyword
제책 및 재단용 기계 조작원,64,생산·기능,keyword
한복 제조원,64,생산·기능,keyword
하수 처리 장치 조작원,62,생산·기능,keyword
오프셋인쇄기 조작원,62,생산·기능,keyword
양장 제조원,61,생산·기능,keyword
농업용 기계 설치 및 정비원,60,생산·기능,keyword
그 외 점토제품 생산기 조작원,59,생산·기능,keyword
건설기계 조립원,59,생산·기능,keyword
그 외 종이제품 생산기 조작원,59,생산·기능,keyword
섬유기계 설치 및 정비원,58,생산·기능,keyword
필름 생산기 조작원,58,생산·기능,keyword
그 외 표백 및 염색 관련 기계 조작원,57,생산·기능,keyword
방송케이블 설치 및 수리원,57,생산·기능,keyword
전자 제품 기계 설치 및 정비원,56,생산·기능,keyword
광학기구 수리원,55,생산·기능,keyword
조명 기구 설치 및 수리원,55,생산·기능,keyword
종이상자 및 봉투 제조기 조작원,55,생산·기능,keyword
항공기 전기 설치원,55,생산·기능,keyword
그 외 시멘트 및 광물제품 제조기 조작원,54,생산·기능,keyword
공작기계 조립원,54,생산·기능,keyword
금속용해로 및 금속가열로 조작원,53,생산·기능,keyword
그 외 비금속제품 관련 생산기 조작원,53,생산·기능,keyword
악기 제조 및 수리원,52,생산·기능,keyword
유리 제조 및 제품 가공기 조작원,52,생산·기능,keyword
비행기 정비원,51,생산·기능,keyword
커피 및 차류 제조기 조작원,51,생산·기능,keyword
단조기 조작원,51,생산·기능,keyword
신발 및 구두 재단사,51,생산·기능,keyword
그 외 수제 식품 제조 종사원,50,생산·기능,keyword
판지 라이닝기 조작원,50,생산·기능,keyword
선박 조립원,50,생산·기능,keyword
선박부원,49,생산·기능,keyword
자동차 섀시 정비원,49,생산·기능,keyword
점화·발파 및 화약 관리원,49,생산·기능,keyword
어패류가공 기계 조작원,48,생산·기능,keyword
목재처리기 조작원,48,생산·기능,keyword
과실 및 채소 가공 관련 기계 조작원,47,생산·기능,keyword
낙농품가공 기계 조작원,47,생산·기능,keyword
합판생산기 조작원,47,생산·기능,keyword
등대원,47,생산·기능,keyword
그 외 금속가공 관련 제어 장치 조작원,46,생산·기능,keyword
그 외 배관공,46,생산·기능,keyword
그 외 외선 전기원,46,생산·기능,keyword
그 외 채굴 및 토목 관련 종사원,45,생산·기능,keyword
섬유 및 펠트 관련 선별원,45,생산·기능,keyword
광석 및 금속용광로 조작원,44,생산·기능,keyword
고속철 기관차 정비원,43,생산·기능,keyword
디지털인쇄기 조작원,43,생산·기능,keyword
보석 세공원,42,생산·기능,keyword
농업기계 조립원,41,생산·기능,keyword
선박 정비원,41,생산·기능,keyword
그 외 재활용 처리 및 소각로 조작원,40,생산·기능,keyword
경인쇄기 조작원,39,생산·기능,keyword
정수 처리 장치 조작원,39,생산·기능,keyword
구두 수선원,39,생산·기능,keyword
그 외 공예원,38,생산·기능,keyword
담배 제조 관련 기계 조작원,38,생산·기능,keyword
제재기 조작원,38,생산·기능,keyword
항공기 조립원,38,생산·기능,keyword
펌프 장치 조작원,37,생산·기능,keyword
그 외 음료 제조 관련 기계 조작원,37,생산·기능,keyword
시멘트 및 석회 제조 관련 조작원,37,생산·기능,keyword
철도차량 전기 설치원,37,생산·기능,keyword
의료기기 설치 및 수리원,37,생산·기능,keyword
플라스틱제품 조립원,36,생산·기능,keyword
세제 생산기 조작원,36,생산·기능,keyword
콘크리트 믹서 트럭 운전원,36,생산·기능,keyword
조미 식품 생산기 조작원,35,생산·기능,keyword
임업 단순 종사원,35,생산·기능,keyword
공구 조립원,35,생산·기능,keyword
수력발전장치 운전원,35,생산·기능,keyword
식품 등급원,35,생산·기능,keyword
비료 생산기 조작원,35,생산·기능,keyword
호이스트 설치 및 정비원,34,생산·기능,keyword
섬유 제조 기계 조작원,33,생산·기능,keyword
자동차 도장 정비원,33,생산·기능,keyword
가죽 및 모피 수선원,32,생산·기능,keyword
자동차 엔진 정비원,31,생산·기능,keyword
직물 재봉사,31,생산·기능,keyword
헬리콥터 정비원,30,생산·기능,keyword
식품기계 설치 및 정비원,30,생산·기능,keyword
자동차 튜닝원,30,생산·기능,keyword
자전거 정비원,29,생산·기능,keyword
전기케이블 접속원,29,생산·기능,keyword
선박 전기 설치원,29,생산·기능,keyword
알코올성 음료 제조기 조작원,29,생산·기능,keyword
벽돌 및 타일 생산기 조작원,29,생산·기능,keyword
광석 및 석재 가공장치 조작원,29,생산·기능,keyword
지중 전력설비 전기원,28,생산·기능,keyword
가죽 패턴사,28,생산·기능,keyword
콘크리트제품 제조 관련 조작원,27,생산·기능,keyword
자동차 판금 정비원,26,생산·기능,keyword
석제품 가공기 조작원,26,생산·기능,keyword
지게차 정비원,25,생산·기능,keyword
두부 및 유사 제품 기계 조작원,25,생산·기능,keyword
화장품 생산기 조작원,25,생산·기능,keyword
사탕·껌 및 초콜릿 제품 기계 조작원,25,생산·기능,keyword
그 외 전기 및 전자설비 조작원,25,생산·기능,keyword
가구 제조원,25,생산·기능,keyword
조율사,24,생산·기능,keyword
석재 절단원,24,생산·기능,keyword
화력발전장치 운전원,24,생산·기능,keyword
환경 감시원,24,생산·기능,keyword
가구 조립원,23,생산·기능,keyword
그 외 목제품 제조 관련 종사원,23,생산·기능,keyword
자동차 전기 및 전자 정비원,22,생산·기능,keyword
광원,22,생산·기능,keyword
모피 패턴사,19,생산·기능,keyword
오토바이 정비원,18,생산·기능,keyword
건설용 굴삭기 정비원,18,생산·기능,keyword
비알코올성 음료 제조기 조작원,18,생산·기능,keyword
시트 제품 제조원,17,생산·기능,keyword
신발 제조기 조작원 및 조립원,17,생산·기능,keyword
가죽 및 모피 재봉사,17,생산·기능,keyword
그 외 재봉사,16,생산·기능,keyword
렌터카 운전원,16,생산·기능,keyword
목재케이스 및 나무상자 제조원,16,생산·기능,keyword
원자력발전장치 운전원,15,생산·기능,keyword
채석원,15,생산·기능,keyword
수산물가공 및 염장원,14,생산·기능,keyword
그 외 패턴사,13,생산·기능,keyword
그 외 건설용 기계 정비원,13,생산·기능,keyword
송배전설비 전기원,13,생산·기능,keyword
그 외 재단사,12,생산·기능,keyword
도자기 공예원,12,생산·기능,keyword
공장 전기 및 전자설비 조작원,11,생산·기능,keyword
원유 처리 장치 조작원,10,생산·기능,keyword
빵·과자 및 떡 제조 기계 조작원,10,생산·기능,keyword
천일염 생산 종사원,9,생산·기능,keyword
현금인출기 설치 및 수리원,9,생산·기능,keyword
제화원,9,생산·기능,keyword
배관 세정원,9,생산·기능,keyword
그 외 수선원,9,생산·기능,keyword
사진 인화 및 현상기 조작원,8,생산·기능,keyword
광업용 기계 설치 및 정비원,8,생산·기능,keyword
폐유 및 재생유 처리 장치 조작원,7,생산·기능,keyword
요금 정산원,7,생산·기능,keyword
의복 재단사,6,생산·기능,keyword
담배 등급원,6,생산·기능,keyword
그 외 보일러 설치 및 정비원,6,생산·기능,keyword
주차 단속원,6,생산·기능,keyword
신발 재봉사,5,생산·기능,keyword
그 외 사진 인화 및 현상기 조작원,5,생산·기능,keyword
모피 및 가죽 의복 제조원,4,생산·기능,keyword
그 외 배관 세정원 및 방역원,4,생산·기능,keyword
모자 제조원,1,생산·기능,keyword
마케팅 전문가,7063,전문·기술,keyword
산업 안전원,6524,전문·기술,keyword
보육교사,5362,전문·기술,keyword
유치원 교사,4541,전문·기술,keyword
경영 컨설턴트,3681,전문·기술,keyword
조사 전문가,3332,전문·기술,keyword
범용 소프트웨어 프로그래머,2917,전문·기술,keyword
상담 전문가,2760,전문·기술,keyword
상품 기획자,2707,전문·기술,keyword
일반 간호사,2431,전문·기술,keyword
학습지 방문강사,2354,전문·기술,keyword
정보 시스템 운영자,2096,전문·기술,keyword
광고 전문가,1952,전문·기술,keyword
데이터 분석가,1811,전문·기술,keyword
전기 감리 기술자 및 연구원,1678,전문·기술,keyword
사회복지사,1606,전문·기술,keyword
플랜트공학 기술자 및 연구원,1551,전문·기술,keyword
치과위생사,1323,전문·기술,keyword
냉난방·공조공학 기술자 및 연구원,1267,전문·기술,keyword
정보 보안 전문가,1205,전문·기술,keyword
그 외 기계공학 기술자 및 연구원,1203,전문·기술,keyword
변호사,1183,전문·기술,keyword
그 외 제품 디자이너,1175,전문·기술,keyword
위험 관리원,1170,전문·기술,keyword
전자제품 개발 기술자 및 연구원,1106,전문·기술,keyword
공공행정 전문가,1052,전문·기술,keyword
그 외 전기공학 기술자 및 연구원,1031,전문·기술,keyword
데이터 설계 및 프로그래머,1031,전문·기술,keyword
철도교통 관제사,1018,전문·기술,keyword
회계사,938,전문·기술,keyword
토목 제도사,935,전문·기술,keyword
웹 운영자,931,전문·기술,keyword
모바일 애플리케이션 프로그래머,927,전문·기술,keyword
전문 간호사,838,전문·기술,keyword
데이터 관리 및 운영자,808,전문·기술,keyword
석유화학 기술자 및 연구원,777,전문·기술,keyword
웹 프로그래머,777,전문·기술,keyword
시스템 소프트웨어 설계 및 분석가,767,전문·기술,keyword
약사,758,전문·기술,keyword
그 외 교육 전문가,751,전문·기술,keyword
자동차공학 기술자 및 연구원,693,전문·기술,keyword
금속공학 기술자 및 연구원,657,전문·기술,keyword
실업 교사,636,전문·기술,keyword
청소년 지도사,635,전문·기술,keyword
네트워크 시스템 개발자,623,전문·기술,keyword
입학 사정관,622,전문·기술,keyword
부동산 감정 전문가,621,전문·기술,keyword
로봇공학 기술자 및 연구원,617,전문·기술,keyword
소방시설 공사 기술자 및 연구원,612,전문·기술,keyword
미디어 콘텐츠 창작자,603,전문·기술,keyword
반도체공학 기술자 및 연구원,582,전문·기술,keyword
그 외 금속·재료 공학 기술자 및 연구원,565,전문·기술,keyword
교사 교육 보조원,551,전문·기술,keyword
농약·비료 기술자 및 연구원,540,전문·기술,keyword
산업 특화 소프트웨어 프로그래머,535,전문·기술,keyword
그 외 산업 안전 및 위험 관리원,528,전문·기술,keyword
시스템 소프트웨어 프로그래머,517,전문·기술,keyword
건축 제도사,513,전문·기술,keyword
초등학교 교사,510,전문·기술,keyword
시각장애인 특수교육 교사,485,전문·기술,keyword
화학 연구원,481,전문·기술,keyword
컴퓨터 시스템 설계 및 분석가,472,전문·기술,keyword
공연·영화 및 음반 기획자,440,전문·기술,keyword
공학·제조 및 건설 분야 교수,427,전문·기술,keyword
건축감리 기술자,420,전문·기술,keyword
교통 계획 및 설계가,417,전문·기술,keyword
변리사,415,전문·기술,keyword
식품공학 기술자 및 연구원,403,전문·기술,keyword
언어재활사,389,전문·기술,keyword
소방설계 기술자 및 연구원,378,전문·기술,keyword
게임 프로그래머,373,전문·기술,keyword
사회 교사,369,전문·기술,keyword
금형공학 기술자 및 연구원,369,전문·기술,keyword
농약 및 비료 시험원,369,전문·기술,keyword
일반영양사,365,전문·기술,keyword
수의사,364,전문·기술,keyword
기계 제도사,364,전문·기술,keyword
품질 인증 심사 전문가,363,전문·기술,keyword
섬유 공정 개발 기술자 및 연구원,357,전문·기술,keyword
그 외 화학공학 기술자 및 연구원,350,전문·기술,keyword
무대 및 세트 디자이너,344,전문·기술,keyword
일반 의사,342,전문·기술,keyword
내과 전문 의사,337,전문·기술,keyword
의무 기록사,331,전문·기술,keyword
국어 교사,330,전문·기술,keyword
고무·플라스틱 기술자 및 연구원,328,전문·기술,keyword
의상 디자이너,328,전문·기술,keyword
그 외 중·고등학교 교사,327,전문·기술,keyword
사진가,324,전문·기술,keyword
외국어 교사,321,전문·기술,keyword
법무사,320,전문·기술,keyword
발전설비 기술자 및 연구원,311,전문·기술,keyword
통신기기 기술자 및 연구원,308,전문·기술,keyword
정보 통신 컨설턴트,307,전문·기술,keyword
수학 교사,301,전문·기술,keyword
화학 시험원,300,전문·기술,keyword
식품학 연구원,291,전문·기술,keyword
폐기물 처리 기술자 및 연구원,283,전문·기술,keyword
예체능 교사,282,전문·기술,keyword
방송 송출 장비 기사,280,전문·기술,keyword
건축시공 기술자,274,전문·기술,keyword
치과 일반 의사,272,전문·기술,keyword
직업상담사,267,전문·기술,keyword
섬유 소재 개발 기술자 및 연구원,266,전문·기술,keyword
과학 교사,266,전문·기술,keyword
토목시공 기술자,255,전문·기술,keyword
조명기사,251,전문·기술,keyword
전자계측 제어 기술자 및 연구원,250,전문·기술,keyword
교통안전 연구원,250,전문·기술,keyword
그 외 특수교육 교사,249,전문·기술,keyword
그 외 교사,245,전문·기술,keyword
컴퓨터 시스템 감리 전문가,245,전문·기술,keyword
측량 및 지리 정보 기술자,243,전문·기술,keyword
건축설비 기술자,241,전문·기술,keyword
세무사,241,전문·기술,keyword
네트워크 프로그래머,238,전문·기술,keyword
건축안전 기술자,238,전문·기술,keyword
사서,236,전문·기술,keyword
그 외 스포츠 및 레크리에이션 관련 전문가,235,전문·기술,keyword
전기 안전 기술자 및 연구원,234,전문·기술,keyword
그 외 도시 및 교통 관련 전문가,234,전문·기술,keyword
안과 및 이비인후과 전문 의사,233,전문·기술,keyword
환경 검사원,231,전문·기술,exact
그 외 공학 관련 기술자 및 시험원,230,전문·기술,keyword
전기계측 제어 기술자 및 연구원,229,전문·기술,keyword
그 외 인사 및 노사 관련 전문가,226,전문·기술,keyword
산업기계공학 기술자 및 연구원,226,전문·기술,keyword
스포츠 감독,222,전문·기술,keyword
농학 연구원,222,전문·기술,keyword
그 외 전자공학 기술자 및 연구원,220,전문·기술,keyword
그 외 컴퓨터 시스템 및 소프트웨어 전문가,220,전문·기술,keyword
그 외 데이터 및 네트워크 관련 전문가,218,전문·기술,keyword
시민 단체 활동가,218,전문·기술,keyword
부동산 컨설턴트,216,전문·기술,keyword
선박교통 관제사,215,전문·기술,keyword
출판물 편집자,212,전문·기술,keyword
웹 기획자,206,전문·기술,keyword
홍보 전문가,205,전문·기술,keyword
가스·에너지 기술자 및 연구원,204,전문·기술,keyword
그 외 제도사,203,전문·기술,keyword
체육 및 그 외 분야 교수,202,전문·기술,keyword
송배전설비 기술자 및 연구원,201,전문·기술,keyword
그 외 시각 디자이너,200,전문·기술,keyword
통신망 운영 기술자 및 연구원,200,전문·기술,keyword
물리치료사,200,전문·기술,keyword
전기제품 개발 기술자 및 연구원,198,전문·기술,keyword
농업 시험원,195,전문·기술,keyword
통신기술 기술자 및 연구원,192,전문·기술,keyword
그 외 생명과학 시험원,192,전문·기술,keyword
자연과학·수학 및 통계학 교수,192,전문·기술,keyword
게임 그래픽 디자이너,187,전문·기술,keyword
방송 및 시나리오 작가,184,전문·기술,keyword
번역가,181,전문·기술,keyword
금속공학 시험원,180,전문·기술,keyword
인사 컨설턴트,179,전문·기술,keyword
연예인 매니저,177,전문·기술,keyword
예술 및 인문학 교수,176,전문·기술,keyword
교육 연구관 및 교육 연구사,175,전문·기술,keyword
기자,173,전문·기술,keyword
그 외 법률 전문가,169,전문·기술,keyword
시멘트공학 기술자 및 연구원,169,전문·기술,keyword
염색 개발 공학 기술자 및 연구원,164,전문·기술,keyword
임상영양사,162,전문·기술,keyword
스포츠 매니저,160,전문·기술,keyword
그 외 금속 및 재료 공학 시험원,157,전문·기술,keyword
광고 디자이너,154,전문·기술,keyword
교육 분야 교수,150,전문·기술,keyword
통역가,148,전문·기술,keyword
조경감리 기술자,147,전문·기술,keyword
컴퓨터 하드웨어 기술자 및 연구원,147,전문·기술,keyword
기계공학 시험원,143,전문·기술,keyword
그 외 응용 소프트웨어 프로그래머,142,전문·기술,keyword
그 외 미디어 콘텐츠 디자이너,140,전문·기술,keyword
전기 및 전자 장비 제도사,137,전문·기술,keyword
통신장비 기술자 및 연구원,137,전문·기술,keyword
복지시설 생활 지도원,135,전문·기술,exact
항공기·철도 차량 공학 기술자 및 연구원,135,전문·기술,keyword
직업 운동선수,134,전문·기술,keyword
기업 인수 및 합병 전문가,132,전문·기술,keyword
치료사 보조원,131,전문·기술,keyword
사회과학·경영 및 법학 교수,130,전문·기술,keyword
치과기공사,119,전문·기술,keyword
정보 통신기술 분야 교수,119,전문·기술,keyword
청각장애인 특수교육 교사,116,전문·기술,keyword
그 외 환경공학 기술자 및 연구원,115,전문·기술,keyword
그 외 조경 관련 기술자,115,전문·기술,keyword
건축구조 기술자,114,전문·기술,keyword
스포츠 강사 및 트레이너,112,전문·기술,keyword
섬유공학 시험원,111,전문·기술,keyword
전자 의료기기 개발 기술자 및 연구원,108,전문·기술,keyword
일반 한의사,106,전문·기술,keyword
비행기 조종사,106,전문·기술,keyword
가스 및 에너지 시험원,104,전문·기술,keyword
보건 위생 검사원,103,전문·기술,exact
기술 감독,102,전문·기술,keyword
사진작가,99,전문·기술,keyword
토목감리 기술자,97,전문·기술,keyword
비파괴 검사원,97,전문·기술,exact
그 외 사회복지 관련 종사원,96,전문·기술,keyword
식품공학 시험원,96,전문·기술,keyword
치과 전문 의사,94,전문·기술,keyword
보험 심사원,94,전문·기술,keyword
전자공학 시험원,92,전문·기술,keyword
보건 및 복지 교수,92,전문·기술,keyword
멀티미디어 디자이너,91,전문·기술,keyword
수질 환경 기술자 및 연구원,90,전문·기술,keyword
이벤트 전문가,90,전문·기술,keyword
한약사,90,전문·기술,keyword
요업·세라믹공학 기술자 및 연구원,89,전문·기술,keyword
항해사,86,전문·기술,keyword
그 외 환경공학 관련 시험원,86,전문·기술,keyword
방사선사,85,전문·기술,keyword
문학작가,84,전문·기술,keyword
시멘트공학 시험원,84,전문·기술,keyword
의료과학 시험원,84,전문·기술,keyword
조경 계획 및 설계 기술자,84,전문·기술,keyword
석유화학 시험원,84,전문·기술,keyword
토목안전 기술자,83,전문·기술,keyword
그 외 토목 관련 기술자,82,전문·기술,keyword
대학 행정조교,82,전문·기술,keyword
도시 계획 및 설계가,82,전문·기술,keyword
수의사 보조원,80,전문·기술,keyword
임상병리사,80,전문·기술,keyword
노무사,79,전문·기술,keyword
소음 진동 기술자 및 연구원,79,전문·기술,keyword
증권 중개인,78,전문·기술,exact
조선공학 기술자 및 연구원,77,전문·기술,keyword
전기공학 시험원,77,전문·기술,keyword
축산 및 수의학 연구원,77,전문·기술,keyword
평론가,77,전문·기술,keyword
감독 및 연출가,77,전문·기술,keyword
토목구조 설계 기술자,76,전문·기술,keyword
교육 분야 시간강사,76,전문·기술,keyword
경기 심판,76,전문·기술,keyword
그 외 건축 관련 기술자,76,전문·기술,keyword
공학·제조 및 건설 분야 시간강사,73,전문·기술,keyword
화장품·비누제품 기술자 및 연구원,73,전문·기술,keyword
선박 기관사,72,전문·기술,keyword
임학 연구원,69,전문·기술,keyword
헤드헌터,68,전문·기술,keyword
요업 및 세라믹 공학 시험원,67,전문·기술,keyword
어업 시험원,67,전문·기술,keyword
정부행정 전문가,67,전문·기술,keyword
수산학 연구원,66,전문·기술,keyword
손해 사정사,65,전문·기술,keyword
화장품 및 비누제품 시험원,65,전문·기술,keyword
웹 디자이너,65,전문·기술,keyword
수질 환경 시험원,64,전문·기술,keyword
그 외 자산 운용가,63,전문·기술,keyword
생물학 시험원,61,전문·기술,keyword
출판물 기획자,60,전문·기술,keyword
책 디자이너,59,전문·기술,keyword
투자 및 증권 분석가,58,전문·기술,keyword
행사 전시 기획자,58,전문·기술,keyword
예술 및 인문학 시간강사,58,전문·기술,keyword
액세서리 디자이너,58,전문·기술,keyword
그 외 식문화 관련 전문가,57,전문·기술,keyword
임상심리사,57,전문·기술,keyword
작업치료사,56,전문·기술,keyword
경기 기록원,56,전문·기술,keyword
그 외 통신공학 기술자 및 연구원,55,전문·기술,keyword
전문 한의사,55,전문·기술,keyword
학예사,54,전문·기술,keyword
그 외 자연과학 시험원,54,전문·기술,keyword
가구 디자이너,53,전문·기술,keyword
그 외 생명과학 연구원,51,전문·기술,keyword
음향 및 녹음 기사,50,전문·기술,keyword
지휘자,49,전문·기술,keyword
그 외 경영 및 진단 전문가,47,전문·기술,keyword
기록물 관리사,47,전문·기술,keyword
대학 교육 조교,47,전문·기술,keyword
레크리에이션 전문가,47,전문·기술,keyword
소년원 학교 교사,47,전문·기술,keyword
고무 및 플라스틱 시험원,47,전문·기술,keyword
스포츠 코치,47,전문·기술,keyword
보험 상품 개발자,45,전문·기술,keyword
신부,45,전문·기술,keyword
지도 제작 기술자,45,전문·기술,keyword
만화영화 작가,45,전문·기술,keyword
그 외 언론 관련 전문가,44,전문·기술,keyword
신용 분석가,44,전문·기술,keyword
문화재 보존원,44,전문·기술,keyword
무대의상 관리원,43,전문·기술,keyword
선장,43,전문·기술,keyword
외환 딜러,43,전문·기술,exact
체육 및 그 외 분야 시간강사,39,전문·기술,keyword
여행 상품 개발자,39,전문·기술,keyword
금융자산 운용가,38,전문·기술,keyword
폐기물 처리 시험원,38,전문·기술,keyword
사용자 경험 및 인터페이스 디자이너,37,전문·기술,keyword
보험 인수 심사원,37,전문·기술,keyword
소음 진동 시험원,36,전문·기술,keyword
그 외 금융 및 보험 관련 전문가,36,전문·기술,keyword
그 외 감독 및 연출가,36,전문·기술,keyword
전도사,35,전문·기술,keyword
인테리어 디자이너,35,전문·기술,keyword
촬영기사,35,전문·기술,keyword
환경 영향 평가원,35,전문·기술,keyword
인류학 연구원,34,전문·기술,keyword
건설기계공학 기술자 및 연구원,34,전문·기술,keyword
생물학 연구원,34,전문·기술,keyword
그 외 인문과학 연구원,33,전문·기술,keyword
그 외 화학공학 시험원,33,전문·기술,keyword
색채 전문가,32,전문·기술,keyword
승려,32,전문·기술,keyword
언어학 및 문학 연구원,31,전문·기술,keyword
삽화가,31,전문·기술,keyword
방재 기술자 및 연구원,31,전문·기술,keyword
디스플레이 디자이너,31,전문·기술,keyword
자연과학·수학 및 통계학 시간강사,31,전문·기술,keyword
그 외 종교 관련 종사원,30,전문·기술,keyword
물리학 시험원,30,전문·기술,keyword
토양 환경 기술자 및 연구원,29,전문·기술,keyword
교육학 연구원,29,전문·기술,keyword
사회복지학 연구원,29,전문·기술,keyword
약학 연구원,29,전문·기술,keyword
목사,29,전문·기술,keyword
그 외 소방공학 기술자 및 연구원,28,전문·기술,keyword
언론학 연구원,28,전문·기술,keyword
정보 통신기술 분야 시간강사,28,전문·기술,keyword
환경 영향 시험원,28,전문·기술,keyword
사회과학·경영 및 법학 시간강사,28,전문·기술,keyword
건설자재 시험원,28,전문·기술,keyword
수학 및 통계학 연구원,27,전문·기술,keyword
금융 상품 개발자,26,전문·기술,keyword
임업 시험원,26,전문·기술,keyword
외과 전문 의사,26,전문·기술,keyword
건축에너지 관리 및 평가 기술자,26,전문·기술,keyword
만화가,26,전문·기술,keyword
검사,26,전문·기술,exact
투자신탁 전문가,25,전문·기술,keyword
그 외 전문 의사,25,전문·기술,keyword
그 외 작가,25,전문·기술,keyword
소방 공사 감리 기술자 및 연구원,25,전문·기술,keyword
대기 환경 기술자 및 연구원,25,전문·기술,keyword
항공교통 관제사,25,전문·기술,keyword
배우,24,전문·기술,keyword
건축가,24,전문·기술,keyword
국내 및 국제회의 기획자,24,전문·기술,keyword
농림·수산업 및 수의학 교수,24,전문·기술,keyword
수녀 및 수사,24,전문·기술,keyword
소품 관리원,23,전문·기술,keyword
가방 및 신발 디자이너,23,전문·기술,keyword
그 외 연극·영화 및 영상 관련 종사원,23,전문·기술,keyword
요리 연구가,23,전문·기술,keyword
보조 연기자,22,전문·기술,keyword
경제학 연구원,21,전문·기술,keyword
방송 및 영화연출 보조원,20,전문·기술,keyword
정치학 연구원,20,전문·기술,keyword
선물거래 중개인,20,전문·기술,exact
판사,20,전문·기술,keyword
의학 연구원,20,전문·기술,keyword
정신건강의학과 및 신경과 전문 의사,19,전문·기술,keyword
영상의학과 및 병리과 전문 의사,19,전문·기술,keyword
로봇공학 시험원,19,전문·기술,keyword
심리학 연구원,18,전문·기술,keyword
투자 인수 심사원,18,전문·기술,keyword
성악가,17,전문·기술,keyword
역사학 연구원,17,전문·기술,keyword
도료제품 시험원,17,전문·기술,keyword
도료제품 기술자 및 연구원,16,전문·기술,keyword
무용가,15,전문·기술,keyword
지구 및 기상 과학 연구원,15,전문·기술,keyword
직물 디자이너,15,전문·기술,keyword
포장 디자이너,15,전문·기술,keyword
사회학 연구원,15,전문·기술,keyword
활자 디자이너,14,전문·기술,keyword
물리학 연구원,14,전문·기술,keyword
그 외 시각 및 공연 예술가,14,전문·기술,keyword
경영학 연구원,14,전문·기술,keyword
집행관,14,전문·기술,keyword
천문 및 우주 과학 연구원,14,전문·기술,keyword
대기 환경 시험원,13,전문·기술,keyword
소아청소년과 전문 의사,13,전문·기술,keyword
피부과 및 비뇨기과 전문 의사,13,전문·기술,keyword
토양 환경 시험원,13,전문·기술,keyword
사진측량 및 분석가,12,전문·기술,keyword
헬리콥터 조종사,12,전문·기술,keyword
가수,12,전문·기술,keyword
보건 및 복지 시간강사,12,전문·기술,keyword
그 외 아나운서 및 리포터,11,전문·기술,keyword
동산 감정 전문가,11,전문·기술,keyword
영상·녹화 및 편집 기사,11,전문·기술,keyword
연주가,9,전문·기술,keyword
지리 정보 시스템 전문가,9,전문·기술,keyword
교통영향 평가원,8,전문·기술,keyword
국악인,7,전문·기술,keyword
지구 및 기상 과학 시험원,7,전문·기술,keyword
영사기사,6,전문·기술,keyword
천문 및 우주 과학 시험원,6,전문·기술,keyword
모델,6,전문·기술,keyword
스크립터,6,전문·기술,keyword
안무가,5,전문·기술,keyword
아나운서,5,전문·기술,keyword
성우,5,전문·기술,keyword
산부인과 전문 의사,4,전문·기술,keyword
관세사,4,전문·기술,keyword
국악 연주가,3,전문·기술,keyword
농림·수산업 및 수의학 시간강사,3,전문·기술,keyword
그 외 자연과학 연구원,3,전문·기술,keyword
도선사,3,전문·기술,keyword
리포터,1,전문·기술,keyword
한식 조리사,8241,판매·서비스,keyword
그 외 일반 영업원,7922,판매·서비스,keyword
그 외 상점 판매원,5381,판매·서비스,keyword
철도운송 관련 종사원,5103,판매·서비스,keyword
온라인 쇼핑 판매원,4893,판매·서비스,keyword
음식 서비스 종사원,4819,판매·서비스,keyword
소규모 상점 경영자,4609,판매·서비스,exact
노점 및 이동 판매원,3540,판매·서비스,keyword
식품 영업원,2953,판매·서비스,keyword
음료 서비스 종사원,2459,판매·서비스,keyword
일식 조리사,2398,판매·서비스,keyword
단말기 및 통신 서비스 판매원,2246,판매·서비스,keyword
그 외 돌봄 및 보건 서비스 종사원,2135,판매·서비스,keyword
중식 조리사,2052,판매·서비스,keyword
간호조무사,2036,판매·서비스,keyword
보육 관련 시설 서비스 종사원,1837,판매·서비스,keyword
텔레마케터,1666,판매·서비스,keyword
119 구조대원,1634,판매·서비스,keyword
그 외 조리사,1520,판매·서비스,keyword
노인 및 장애인 돌봄 서비스 종사원,1503,판매·서비스,keyword
바텐더,1461,판매·서비스,keyword
화장품 판매원,1376,판매·서비스,keyword
일반 경찰관 및 수사관,1117,판매·서비스,keyword
해외 영업원,1105,판매·서비스,keyword
요양 보호사,1010,판매·서비스,keyword
농수산물 중개인 및 경매사,991,판매·서비스,keyword
양식 조리사,906,판매·서비스,keyword
그 외 음식 서비스 종사원,883,판매·서비스,keyword
의류 판매원,776,판매·서비스,keyword
대출 모집인,767,판매·서비스,keyword
행사 및 홍보 도우미,738,판매·서비스,keyword
소규모 상점 일선 관리 종사원,737,판매·서비스,exact
음식료품 판매원,706,판매·서비스,keyword
커피 조리사,599,판매·서비스,keyword
농업용 기계장비 기술 영업원,575,판매·서비스,keyword
자동차 부품 기술 영업원,568,판매·서비스,keyword
보험 중개인,568,판매·서비스,keyword
매장 계산원,547,판매·서비스,keyword
투자 권유 대행인,538,판매·서비스,exact
그 외 경호 및 보안 관련 종사원,519,판매·서비스,keyword
부동산 중개사,517,판매·서비스,keyword
간병인,496,판매·서비스,keyword
구급 요원,447,판매·서비스,keyword
보험 설계사,429,판매·서비스,exact
중고차 영업원,424,판매·서비스,keyword
주류 서비스 종사원,397,판매·서비스,keyword
웨딩플래너,394,판매·서비스,exact
체인점 모집 및 관리 영업원,382,판매·서비스,keyword
신차 영업원,379,판매·서비스,keyword
육아 도우미,371,판매·서비스,exact
신용카드 모집인,367,판매·서비스,keyword
그 외 미용 관련 서비스 종사원,366,판매·서비스,keyword
교도관,356,판매·서비스,keyword
산후조리 종사원,355,판매·서비스,keyword
보안 관제원,348,판매·서비스,keyword
분식 조리사,348,판매·서비스,keyword
유통 및 매장 감시원,319,판매·서비스,keyword
산업용 기계장비 기술 영업원,281,판매·서비스,keyword
골프장 캐디,267,판매·서비스,keyword
호텔 서비스원,267,판매·서비스,keyword
그 외 상품 중개인 및 경매사,267,판매·서비스,keyword
해양 경찰관 및 수사관,263,판매·서비스,keyword
청원경찰,260,판매·서비스,keyword
그 외 음료 조리사,259,판매·서비스,keyword
가전제품 판매원,255,판매·서비스,keyword
신발 및 액세서리 판매원,246,판매·서비스,keyword
그 외 피부 및 체형 관리 종사원,245,판매·서비스,keyword
장례 지도사,231,판매·서비스,exact
원예작물 판매원,217,판매·서비스,keyword
가구 판매원,214,판매·서비스,keyword
손톱 관리사,194,판매·서비스,keyword
미용사,193,판매·서비스,keyword
건축자재 영업원,161,판매·서비스,keyword
유원시설 및 테마파크 서비스원,146,판매·서비스,keyword
서적·문구 및 음반 판매원,139,판매·서비스,keyword
경호원,123,판매·서비스,keyword
카지노 딜러,122,판매·서비스,exact
열차 객실 승무원,117,판매·서비스,keyword
소방관,101,판매·서비스,keyword
전통차 조리사,98,판매·서비스,keyword
입장권 판매원,96,판매·서비스,keyword
문화 관광 및 숲·자연환경 해설사,95,판매·서비스,keyword
이용사,88,판매·서비스,keyword
피부 관리사,88,판매·서비스,keyword
주방장,82,판매·서비스,keyword
방문 판매원,76,판매·서비스,keyword
반려동물 훈련사,72,판매·서비스,keyword
그 외 선박 관련 승무원,63,판매·서비스,keyword
메이크업 아티스트,56,판매·서비스,keyword
그 외 숙박시설 서비스원,51,판매·서비스,keyword
전자 및 통신장비 기술 영업원,48,판매·서비스,keyword
노래방 서비스원,45,판매·서비스,keyword
오락 및 스포츠용품 대여원,38,판매·서비스,keyword
체형 관리사,36,판매·서비스,keyword
장례 상담원,33,판매·서비스,exact
인쇄 및 광고 영업원,31,판매·서비스,keyword
승차권 판매원,31,판매·서비스,keyword
결혼상담원,29,판매·서비스,exact
반려동물 미용사,28,판매·서비스,keyword
목욕 관리사,23,판매·서비스,keyword
의약품 영업원,23,판매·서비스,keyword
개인 생활 서비스 종사원,21,판매·서비스,keyword
건강원 및 탕제원 종사원,19,판매·서비스,keyword
혼례 종사원,17,판매·서비스,keyword
그 외 오락시설 서비스원,14,판매·서비스,keyword
점술가,14,판매·서비스,keyword
개그맨 및 코미디언,12,판매·서비스,keyword
도서 및 영상 기록 매체 대여원,11,판매·서비스,exact
민속신앙 관련 종사원,11,판매·서비스,keyword
자동차 대여원,10,판매·서비스,keyword
그 외 상품 대여원,10,판매·서비스,keyword
의료장비 기술 영업원,8,판매·서비스,keyword
항공기 객실 승무원,7,판매·서비스,keyword
생활용품 대여원,6,판매·서비스,keyword
선박 객실 승무원,5,판매·서비스,keyword
사무용품 대여원,3,판매·서비스,exact
항공권 판매원,2,판매·서비스,keyword
복권 및 마권 판매원,1,판매·서비스,keyword
